rank,N,W,MIN_POP_PCT,LAM,n_stations,direct_demand,max_demand,direct_pct_of_max,feasible,captured_demand,captured_pct_of_max,improvement_pct,current_captured,direct_improvement_pct,current_direct_demand
1,130,0.8,90,0.3,130,440097.0,2261192.0,19.46,False,1796960.8755,95.5,8.7,1653793.0999,34.8,326375.0
2,130,0.6,90,0.3,130,439166.0,2261192.0,19.42,False,1792322.6089,95.26,8.4,1653793.0999,34.6,326375.0
3,130,1.0,90,0.5,130,432334.0,2261192.0,19.12,False,1792886.4378,95.29,8.4,1653793.0999,32.5,326375.0
4,130,0.6,85,0.3,130,424582.0,2261192.0,18.78,True,1788687.273,95.06,8.2,1653793.0999,30.1,326375.0
5,130,0.6,85,0.5,130,424582.0,2261192.0,18.78,True,1788687.273,95.06,8.2,1653793.0999,30.1,326375.0
6,130,0.6,80,0.3,130,424582.0,2261192.0,18.78,True,1788687.273,95.06,8.2,1653793.0999,30.1,326375.0
7,130,0.6,80,0.5,130,424582.0,2261192.0,18.78,True,1788687.273,95.06,8.2,1653793.0999,30.1,326375.0
8,130,0.6,75,0.5,130,424582.0,2261192.0,18.78,True,1788687.273,95.06,8.2,1653793.0999,30.1,326375.0
9,130,0.6,75,0.3,130,424582.0,2261192.0,18.78,True,1788687.273,95.06,8.2,1653793.0999,30.1,326375.0
10,130,0.6,90,0.5,130,424582.0,2261192.0,18.78,False,1788687.273,95.06,8.2,1653793.0999,30.1,326375.0
11,130,1.0,85,0.3,130,423254.0,2261192.0,18.72,True,1791429.8375,95.21,8.3,1653793.0999,29.7,326375.0
12,130,0.9,85,0.3,130,423254.0,2261192.0,18.72,True,1791429.8375,95.21,8.3,1653793.0999,29.7,326375.0
13,130,0.9,75,0.3,130,423254.0,2261192.0,18.72,True,1791429.8375,95.21,8.3,1653793.0999,29.7,326375.0
14,130,1.0,75,0.3,130,423254.0,2261192.0,18.72,True,1791429.8375,95.21,8.3,1653793.0999,29.7,326375.0
15,130,0.9,80,0.3,130,423254.0,2261192.0,18.72,True,1791429.8375,95.21,8.3,1653793.0999,29.7,326375.0
16,130,1.0,80,0.3,130,423254.0,2261192.0,18.72,True,1791429.8375,95.21,8.3,1653793.0999,29.7,326375.0
17,130,0.7,80,0.5,130,421156.0,2261192.0,18.63,True,1791028.1203,95.19,8.3,1653793.0999,29.0,326375.0
18,130,0.7,80,0.3,130,421156.0,2261192.0,18.63,True,1791028.1203,95.19,8.3,1653793.0999,29.0,326375.0
19,130,0.8,85,0.3,130,421156.0,2261192.0,18.63,True,1791028.1203,95.19,8.3,1653793.0999,29.0,326375.0
20,130,0.8,80,0.5,130,421156.0,2261192.0,18.63,True,1791028.1203,95.19,8.3,1653793.0999,29.0,326375.0
21,130,0.8,85,0.5,130,421156.0,2261192.0,18.63,True,1791028.1203,95.19,8.3,1653793.0999,29.0,326375.0
22,130,0.8,80,0.3,130,421156.0,2261192.0,18.63,True,1791028.1203,95.19,8.3,1653793.0999,29.0,326375.0
23,130,0.8,75,0.3,130,421156.0,2261192.0,18.63,True,1791028.1203,95.19,8.3,1653793.0999,29.0,326375.0
24,130,0.7,90,0.3,130,421156.0,2261192.0,18.63,False,1791028.1203,95.19,8.3,1653793.0999,29.0,326375.0
25,130,0.7,85,0.5,130,421156.0,2261192.0,18.63,True,1791028.1203,95.19,8.3,1653793.0999,29.0,326375.0
26,130,0.7,85,0.3,130,421156.0,2261192.0,18.63,True,1791028.1203,95.19,8.3,1653793.0999,29.0,326375.0
27,130,0.7,75,0.3,130,421156.0,2261192.0,18.63,True,1791028.1203,95.19,8.3,1653793.0999,29.0,326375.0
28,130,0.7,75,0.5,130,421156.0,2261192.0,18.63,True,1791028.1203,95.19,8.3,1653793.0999,29.0,326375.0
29,130,0.8,75,0.5,130,421156.0,2261192.0,18.63,True,1791028.1203,95.19,8.3,1653793.0999,29.0,326375.0
30,130,1.0,90,0.3,130,421122.0,2261192.0,18.62,False,1790218.0252,95.15,8.2,1653793.0999,29.0,326375.0
31,130,0.9,90,0.3,130,421122.0,2261192.0,18.62,False,1790218.0252,95.15,8.2,1653793.0999,29.0,326375.0
32,130,0.7,90,0.5,130,420953.0,2261192.0,18.62,False,1790445.1522,95.16,8.3,1653793.0999,29.0,326375.0
33,130,0.8,90,0.5,130,420953.0,2261192.0,18.62,False,1790445.1522,95.16,8.3,1653793.0999,29.0,326375.0
34,130,1.0,75,0.5,130,420875.0,2261192.0,18.61,True,1792085.1521,95.24,8.4,1653793.0999,29.0,326375.0
35,130,0.9,90,0.5,130,420875.0,2261192.0,18.61,False,1792085.1521,95.24,8.4,1653793.0999,29.0,326375.0
36,130,1.0,85,0.5,130,420875.0,2261192.0,18.61,True,1792085.1521,95.24,8.4,1653793.0999,29.0,326375.0
37,130,1.0,80,0.5,130,420875.0,2261192.0,18.61,True,1792085.1521,95.24,8.4,1653793.0999,29.0,326375.0
38,130,0.9,75,0.5,130,420875.0,2261192.0,18.61,True,1792085.1521,95.24,8.4,1653793.0999,29.0,326375.0
39,130,0.9,85,0.5,130,420875.0,2261192.0,18.61,True,1792085.1521,95.24,8.4,1653793.0999,29.0,326375.0
40,130,0.9,80,0.5,130,420875.0,2261192.0,18.61,True,1792085.1521,95.24,8.4,1653793.0999,29.0,326375.0
41,125,1.0,90,0.3,125,420782.0,2261192.0,18.61,False,1780696.2377,94.64,7.7,1653793.0999,28.9,326375.0
42,125,0.8,90,0.5,125,420482.0,2261192.0,18.6,True,1783838.6197,94.81,7.9,1653793.0999,28.8,326375.0
43,125,0.9,90,0.5,125,419526.0,2261192.0,18.55,False,1778419.9779,94.52,7.5,1653793.0999,28.5,326375.0
44,125,0.7,90,0.3,125,419278.0,2261192.0,18.54,False,1784191.5101,94.83,7.9,1653793.0999,28.5,326375.0
45,125,0.9,90,0.3,125,417261.0,2261192.0,18.45,True,1787787.4316,95.02,8.1,1653793.0999,27.8,326375.0
46,125,0.9,75,0.3,125,417127.0,2261192.0,18.45,True,1782527.6731,94.74,7.8,1653793.0999,27.8,326375.0
47,125,0.9,80,0.3,125,417127.0,2261192.0,18.45,True,1782527.6731,94.74,7.8,1653793.0999,27.8,326375.0
48,125,1.0,80,0.3,125,417127.0,2261192.0,18.45,True,1782527.6731,94.74,7.8,1653793.0999,27.8,326375.0
49,125,1.0,75,0.3,125,417127.0,2261192.0,18.45,True,1782527.6731,94.74,7.8,1653793.0999,27.8,326375.0
50,125,1.0,85,0.3,125,417127.0,2261192.0,18.45,True,1782527.6731,94.74,7.8,1653793.0999,27.8,326375.0
51,125,0.9,85,0.3,125,417127.0,2261192.0,18.45,True,1782527.6731,94.74,7.8,1653793.0999,27.8,326375.0
52,125,0.6,90,0.5,125,415274.0,2261192.0,18.37,True,1782060.5399,94.71,7.8,1653793.0999,27.2,326375.0
53,125,0.7,90,0.5,125,413042.0,2261192.0,18.27,True,1778787.1791,94.54,7.6,1653793.0999,26.6,326375.0
54,125,0.6,75,0.3,125,411961.0,2261192.0,18.22,True,1776433.6762,94.41,7.4,1653793.0999,26.2,326375.0
55,125,0.6,85,0.5,125,411961.0,2261192.0,18.22,True,1776433.6762,94.41,7.4,1653793.0999,26.2,326375.0
56,125,0.6,85,0.3,125,411961.0,2261192.0,18.22,True,1776433.6762,94.41,7.4,1653793.0999,26.2,326375.0
57,125,0.6,80,0.3,125,411961.0,2261192.0,18.22,True,1776433.6762,94.41,7.4,1653793.0999,26.2,326375.0
58,125,0.6,75,0.5,125,411961.0,2261192.0,18.22,True,1776433.6762,94.41,7.4,1653793.0999,26.2,326375.0
59,125,0.6,80,0.5,125,411961.0,2261192.0,18.22,True,1776433.6762,94.41,7.4,1653793.0999,26.2,326375.0
60,125,0.7,75,0.5,125,411226.0,2261192.0,18.19,True,1782303.9629,94.72,7.8,1653793.0999,26.0,326375.0
61,125,0.7,75,0.3,125,411226.0,2261192.0,18.19,True,1782303.9629,94.72,7.8,1653793.0999,26.0,326375.0
62,125,0.7,85,0.5,125,411226.0,2261192.0,18.19,True,1782303.9629,94.72,7.8,1653793.0999,26.0,326375.0
63,125,0.8,85,0.3,125,411226.0,2261192.0,18.19,True,1782303.9629,94.72,7.8,1653793.0999,26.0,326375.0
64,125,0.7,80,0.5,125,411226.0,2261192.0,18.19,True,1782303.9629,94.72,7.8,1653793.0999,26.0,326375.0
65,125,0.8,80,0.5,125,411226.0,2261192.0,18.19,True,1782303.9629,94.72,7.8,1653793.0999,26.0,326375.0
66,125,0.8,85,0.5,125,411226.0,2261192.0,18.19,True,1782303.9629,94.72,7.8,1653793.0999,26.0,326375.0
67,125,0.8,80,0.3,125,411226.0,2261192.0,18.19,True,1782303.9629,94.72,7.8,1653793.0999,26.0,326375.0
68,125,0.8,75,0.3,125,411226.0,2261192.0,18.19,True,1782303.9629,94.72,7.8,1653793.0999,26.0,326375.0
69,125,0.7,85,0.3,125,411226.0,2261192.0,18.19,True,1782303.9629,94.72,7.8,1653793.0999,26.0,326375.0
70,125,0.8,75,0.5,125,411226.0,2261192.0,18.19,True,1782303.9629,94.72,7.8,1653793.0999,26.0,326375.0
71,125,0.7,80,0.3,125,411226.0,2261192.0,18.19,True,1782303.9629,94.72,7.8,1653793.0999,26.0,326375.0
72,125,1.0,90,0.5,125,410347.0,2261192.0,18.15,False,1780394.8375,94.62,7.7,1653793.0999,25.7,326375.0
73,125,0.9,85,0.5,125,410134.0,2261192.0,18.14,True,1781259.7815,94.67,7.7,1653793.0999,25.7,326375.0
74,125,1.0,85,0.5,125,410134.0,2261192.0,18.14,True,1781259.7815,94.67,7.7,1653793.0999,25.7,326375.0
75,125,0.9,75,0.5,125,410134.0,2261192.0,18.14,True,1781259.7815,94.67,7.7,1653793.0999,25.7,326375.0
76,125,1.0,80,0.5,125,410134.0,2261192.0,18.14,True,1781259.7815,94.67,7.7,1653793.0999,25.7,326375.0
77,125,1.0,75,0.5,125,410134.0,2261192.0,18.14,True,1781259.7815,94.67,7.7,1653793.0999,25.7,326375.0
78,125,0.9,80,0.5,125,410134.0,2261192.0,18.14,True,1781259.7815,94.67,7.7,1653793.0999,25.7,326375.0
79,120,0.8,85,0.5,120,409715.0,2261192.0,18.12,False,1773307.5427,94.25,7.2,1653793.0999,25.5,326375.0
80,125,0.6,90,0.3,125,409044.0,2261192.0,18.09,False,1783622.9158,94.79,7.9,1653793.0999,25.3,326375.0
81,125,0.8,90,0.3,125,407162.0,2261192.0,18.01,False,1785412.6085,94.89,8.0,1653793.0999,24.8,326375.0
82,120,1.0,90,0.5,120,405489.0,2261192.0,17.93,False,1775928.3219,94.39,7.4,1653793.0999,24.2,326375.0
83,120,0.8,90,0.5,120,404282.0,2261192.0,17.88,True,1771127.1258,94.13,7.1,1653793.0999,23.9,326375.0
84,120,0.7,75,0.3,120,400944.0,2261192.0,17.73,True,1767679.9136,93.95,6.9,1653793.0999,22.8,326375.0
85,120,0.7,75,0.5,120,400944.0,2261192.0,17.73,True,1767679.9136,93.95,6.9,1653793.0999,22.8,326375.0
86,120,0.7,85,0.3,120,400944.0,2261192.0,17.73,False,1767679.9136,93.95,6.9,1653793.0999,22.8,326375.0
87,120,0.8,80,0.3,120,400944.0,2261192.0,17.73,True,1767679.9136,93.95,6.9,1653793.0999,22.8,326375.0
88,120,0.7,80,0.5,120,400944.0,2261192.0,17.73,True,1767679.9136,93.95,6.9,1653793.0999,22.8,326375.0
89,120,0.8,75,0.5,120,400944.0,2261192.0,17.73,True,1767679.9136,93.95,6.9,1653793.0999,22.8,326375.0
90,120,0.8,75,0.3,120,400944.0,2261192.0,17.73,True,1767679.9136,93.95,6.9,1653793.0999,22.8,326375.0
91,120,0.8,80,0.5,120,400944.0,2261192.0,17.73,True,1767679.9136,93.95,6.9,1653793.0999,22.8,326375.0
92,120,0.7,80,0.3,120,400944.0,2261192.0,17.73,True,1767679.9136,93.95,6.9,1653793.0999,22.8,326375.0
93,120,1.0,80,0.5,120,399871.0,2261192.0,17.68,True,1766365.4535,93.88,6.8,1653793.0999,22.5,326375.0
94,120,0.9,80,0.5,120,399871.0,2261192.0,17.68,True,1766365.4535,93.88,6.8,1653793.0999,22.5,326375.0
95,120,1.0,75,0.5,120,399871.0,2261192.0,17.68,True,1766365.4535,93.88,6.8,1653793.0999,22.5,326375.0
96,120,0.9,85,0.5,120,399871.0,2261192.0,17.68,True,1766365.4535,93.88,6.8,1653793.0999,22.5,326375.0
97,120,0.9,75,0.5,120,399871.0,2261192.0,17.68,True,1766365.4535,93.88,6.8,1653793.0999,22.5,326375.0
98,120,1.0,85,0.5,120,399871.0,2261192.0,17.68,True,1766365.4535,93.88,6.8,1653793.0999,22.5,326375.0
99,120,1.0,90,0.3,120,399095.0,2261192.0,17.65,False,1770683.9596,94.11,7.1,1653793.0999,22.3,326375.0
100,120,1.0,85,0.3,120,398791.0,2261192.0,17.64,False,1770091.3603,94.08,7.0,1653793.0999,22.2,326375.0
101,120,1.0,75,0.3,120,398791.0,2261192.0,17.64,True,1770091.3603,94.08,7.0,1653793.0999,22.2,326375.0
102,120,0.9,75,0.3,120,398791.0,2261192.0,17.64,True,1770091.3603,94.08,7.0,1653793.0999,22.2,326375.0
103,120,0.9,85,0.3,120,398791.0,2261192.0,17.64,False,1770091.3603,94.08,7.0,1653793.0999,22.2,326375.0
104,120,1.0,80,0.3,120,398791.0,2261192.0,17.64,True,1770091.3603,94.08,7.0,1653793.0999,22.2,326375.0
105,120,0.9,80,0.3,120,398791.0,2261192.0,17.64,True,1770091.3603,94.08,7.0,1653793.0999,22.2,326375.0
106,120,0.7,90,0.5,120,397200.0,2261192.0,17.57,False,1771214.9643,94.14,7.1,1653793.0999,21.7,326375.0
107,120,0.8,90,0.3,120,395473.0,2261192.0,17.49,False,1771110.8894,94.13,7.1,1653793.0999,21.2,326375.0
108,120,0.9,90,0.5,120,395465.0,2261192.0,17.49,False,1775755.9189,94.38,7.4,1653793.0999,21.2,326375.0
109,120,0.6,90,0.3,120,394514.0,2261192.0,17.45,False,1775423.8772,94.36,7.4,1653793.0999,20.9,326375.0
110,120,0.6,85,0.5,120,394328.0,2261192.0,17.44,False,1769351.6045,94.04,7.0,1653793.0999,20.8,326375.0
111,120,0.6,75,0.5,120,394328.0,2261192.0,17.44,True,1769351.6045,94.04,7.0,1653793.0999,20.8,326375.0
112,120,0.6,75,0.3,120,394328.0,2261192.0,17.44,True,1769351.6045,94.04,7.0,1653793.0999,20.8,326375.0
113,120,0.6,85,0.3,120,394328.0,2261192.0,17.44,False,1769351.6045,94.04,7.0,1653793.0999,20.8,326375.0
114,120,0.6,80,0.5,120,394328.0,2261192.0,17.44,True,1769351.6045,94.04,7.0,1653793.0999,20.8,326375.0
115,120,0.6,80,0.3,120,394328.0,2261192.0,17.44,True,1769351.6045,94.04,7.0,1653793.0999,20.8,326375.0
116,120,0.7,85,0.5,120,393637.0,2261192.0,17.41,True,1766895.8598,93.91,6.8,1653793.0999,20.6,326375.0
117,120,0.7,90,0.3,120,392327.0,2261192.0,17.35,True,1764724.8388,93.79,6.7,1653793.0999,20.2,326375.0
118,120,0.9,90,0.3,120,391124.0,2261192.0,17.3,False,1772327.3239,94.19,7.2,1653793.0999,19.8,326375.0
119,120,0.8,85,0.3,120,390667.0,2261192.0,17.28,True,1771991.1545,94.18,7.1,1653793.0999,19.7,326375.0
120,120,0.6,90,0.5,120,389829.0,2261192.0,17.24,False,1769971.0562,94.07,7.0,1653793.0999,19.4,326375.0
121,115,0.7,90,0.3,115,388211.0,2261192.0,17.17,True,1766117.3428,93.86,6.8,1653793.0999,18.9,326375.0
122,115,0.8,80,0.3,115,383519.0,2261192.0,16.96,True,1757224.3114,93.39,6.3,1653793.0999,17.5,326375.0
123,115,0.8,75,0.3,115,383519.0,2261192.0,16.96,True,1757224.3114,93.39,6.3,1653793.0999,17.5,326375.0
124,115,0.7,85,0.3,115,381008.0,2261192.0,16.85,True,1758497.3877,93.46,6.3,1653793.0999,16.7,326375.0
125,115,0.9,85,0.3,115,379996.0,2261192.0,16.81,True,1762232.6908,93.66,6.6,1653793.0999,16.4,326375.0
126,115,0.9,90,0.5,115,379978.0,2261192.0,16.8,False,1767653.5212,93.95,6.9,1653793.0999,16.4,326375.0
127,115,0.6,85,0.3,115,379327.0,2261192.0,16.78,False,1758339.3088,93.45,6.3,1653793.0999,16.2,326375.0
128,115,0.6,80,0.3,115,379327.0,2261192.0,16.78,True,1758339.3088,93.45,6.3,1653793.0999,16.2,326375.0
129,115,0.6,75,0.5,115,379327.0,2261192.0,16.78,True,1758339.3088,93.45,6.3,1653793.0999,16.2,326375.0
130,115,0.6,85,0.5,115,379327.0,2261192.0,16.78,False,1758339.3088,93.45,6.3,1653793.0999,16.2,326375.0
131,115,0.6,80,0.5,115,379327.0,2261192.0,16.78,True,1758339.3088,93.45,6.3,1653793.0999,16.2,326375.0
132,115,0.6,75,0.3,115,379327.0,2261192.0,16.78,True,1758339.3088,93.45,6.3,1653793.0999,16.2,326375.0
133,110,0.8,90,0.3,110,379255.0,2261192.0,16.77,False,1757368.6257,93.4,6.3,1653793.0999,16.2,326375.0
134,115,0.7,90,0.5,115,378825.0,2261192.0,16.75,False,1760944.0079,93.59,6.5,1653793.0999,16.1,326375.0
135,115,1.0,90,0.5,115,378091.0,2261192.0,16.72,True,1766848.686,93.9,6.8,1653793.0999,15.8,326375.0
136,115,0.7,75,0.5,115,377912.0,2261192.0,16.71,True,1752624.0429,93.15,6.0,1653793.0999,15.8,326375.0
137,115,0.8,80,0.5,115,377912.0,2261192.0,16.71,True,1752624.0429,93.15,6.0,1653793.0999,15.8,326375.0
138,115,0.7,80,0.5,115,377912.0,2261192.0,16.71,True,1752624.0429,93.15,6.0,1653793.0999,15.8,326375.0
139,115,0.7,85,0.5,115,377912.0,2261192.0,16.71,False,1752624.0429,93.15,6.0,1653793.0999,15.8,326375.0
140,115,0.8,75,0.5,115,377912.0,2261192.0,16.71,True,1752624.0429,93.15,6.0,1653793.0999,15.8,326375.0
141,115,0.7,75,0.3,115,377912.0,2261192.0,16.71,True,1752624.0429,93.15,6.0,1653793.0999,15.8,326375.0
142,115,0.8,85,0.5,115,377912.0,2261192.0,16.71,False,1752624.0429,93.15,6.0,1653793.0999,15.8,326375.0
143,115,0.7,80,0.3,115,377912.0,2261192.0,16.71,True,1752624.0429,93.15,6.0,1653793.0999,15.8,326375.0
144,115,0.8,90,0.3,115,377157.0,2261192.0,16.68,False,1759981.3363,93.54,6.4,1653793.0999,15.6,326375.0
145,115,0.9,80,0.5,115,377079.0,2261192.0,16.68,True,1751942.9799,93.11,5.9,1653793.0999,15.5,326375.0
146,115,1.0,80,0.5,115,377079.0,2261192.0,16.68,True,1751942.9799,93.11,5.9,1653793.0999,15.5,326375.0
147,115,0.9,75,0.5,115,377079.0,2261192.0,16.68,True,1751942.9799,93.11,5.9,1653793.0999,15.5,326375.0
148,115,0.9,85,0.5,115,377079.0,2261192.0,16.68,False,1751942.9799,93.11,5.9,1653793.0999,15.5,326375.0
149,115,1.0,85,0.5,115,377079.0,2261192.0,16.68,False,1751942.9799,93.11,5.9,1653793.0999,15.5,326375.0
150,115,1.0,75,0.5,115,377079.0,2261192.0,16.68,True,1751942.9799,93.11,5.9,1653793.0999,15.5,326375.0
151,115,0.9,80,0.3,115,377021.0,2261192.0,16.67,True,1755271.4005,93.29,6.1,1653793.0999,15.5,326375.0
152,115,1.0,85,0.3,115,377021.0,2261192.0,16.67,False,1755271.4005,93.29,6.1,1653793.0999,15.5,326375.0
153,115,1.0,75,0.3,115,377021.0,2261192.0,16.67,True,1755271.4005,93.29,6.1,1653793.0999,15.5,326375.0
154,115,1.0,80,0.3,115,377021.0,2261192.0,16.67,True,1755271.4005,93.29,6.1,1653793.0999,15.5,326375.0
155,115,0.9,75,0.3,115,377021.0,2261192.0,16.67,True,1755271.4005,93.29,6.1,1653793.0999,15.5,326375.0
156,115,0.8,90,0.5,115,376475.0,2261192.0,16.65,False,1763717.2792,93.74,6.6,1653793.0999,15.4,326375.0
157,110,0.9,90,0.3,110,375209.0,2261192.0,16.59,False,1751594.2296,93.09,5.9,1653793.0999,15.0,326375.0
158,115,0.8,85,0.3,115,372983.0,2261192.0,16.49,True,1760250.6098,93.55,6.4,1653793.0999,14.3,326375.0
159,110,0.9,75,0.3,110,372701.0,2261192.0,16.48,True,1748805.1053,92.94,5.7,1653793.0999,14.2,326375.0
160,110,0.9,80,0.3,110,372701.0,2261192.0,16.48,True,1748805.1053,92.94,5.7,1653793.0999,14.2,326375.0
161,110,1.0,75,0.3,110,372701.0,2261192.0,16.48,True,1748805.1053,92.94,5.7,1653793.0999,14.2,326375.0
162,110,1.0,80,0.3,110,372701.0,2261192.0,16.48,True,1748805.1053,92.94,5.7,1653793.0999,14.2,326375.0
163,110,1.0,85,0.3,110,372701.0,2261192.0,16.48,False,1748805.1053,92.94,5.7,1653793.0999,14.2,326375.0
164,115,1.0,90,0.3,115,371467.0,2261192.0,16.43,True,1763293.6665,93.71,6.6,1653793.0999,13.8,326375.0
165,115,0.6,90,0.3,115,369595.0,2261192.0,16.35,False,1759336.473,93.5,6.4,1653793.0999,13.2,326375.0
166,110,0.6,80,0.3,110,368313.0,2261192.0,16.29,True,1740790.3374,92.52,5.3,1653793.0999,12.8,326375.0
167,110,0.6,80,0.5,110,368313.0,2261192.0,16.29,True,1740790.3374,92.52,5.3,1653793.0999,12.8,326375.0
168,110,0.6,85,0.3,110,368313.0,2261192.0,16.29,False,1740790.3374,92.52,5.3,1653793.0999,12.8,326375.0
169,110,0.6,75,0.3,110,368313.0,2261192.0,16.29,True,1740790.3374,92.52,5.3,1653793.0999,12.8,326375.0
170,110,0.6,85,0.5,110,368313.0,2261192.0,16.29,False,1740790.3374,92.52,5.3,1653793.0999,12.8,326375.0
171,110,0.6,75,0.5,110,368313.0,2261192.0,16.29,True,1740790.3374,92.52,5.3,1653793.0999,12.8,326375.0
172,115,0.6,90,0.5,115,366964.0,2261192.0,16.23,True,1759188.4726,93.5,6.4,1653793.0999,12.4,326375.0
173,115,0.9,90,0.3,115,366944.0,2261192.0,16.23,True,1758273.2307,93.45,6.3,1653793.0999,12.4,326375.0
174,110,0.7,80,0.3,110,365390.0,2261192.0,16.16,True,1746897.9945,92.84,5.6,1653793.0999,12.0,326375.0
175,110,0.7,75,0.3,110,365390.0,2261192.0,16.16,True,1746897.9945,92.84,5.6,1653793.0999,12.0,326375.0
176,110,0.7,80,0.5,110,365390.0,2261192.0,16.16,True,1746897.9945,92.84,5.6,1653793.0999,12.0,326375.0
177,110,0.7,85,0.5,110,365390.0,2261192.0,16.16,False,1746897.9945,92.84,5.6,1653793.0999,12.0,326375.0
178,110,0.8,85,0.5,110,365390.0,2261192.0,16.16,False,1746897.9945,92.84,5.6,1653793.0999,12.0,326375.0
179,110,0.8,80,0.5,110,365390.0,2261192.0,16.16,True,1746897.9945,92.84,5.6,1653793.0999,12.0,326375.0
180,110,0.7,75,0.5,110,365390.0,2261192.0,16.16,True,1746897.9945,92.84,5.6,1653793.0999,12.0,326375.0
181,110,0.8,75,0.5,110,365390.0,2261192.0,16.16,True,1746897.9945,92.84,5.6,1653793.0999,12.0,326375.0
182,110,1.0,85,0.5,110,364563.0,2261192.0,16.12,False,1747415.5057,92.87,5.7,1653793.0999,11.7,326375.0
183,110,1.0,80,0.5,110,364563.0,2261192.0,16.12,True,1747415.5057,92.87,5.7,1653793.0999,11.7,326375.0
184,110,1.0,75,0.5,110,364563.0,2261192.0,16.12,True,1747415.5057,92.87,5.7,1653793.0999,11.7,326375.0
185,110,0.9,80,0.5,110,364563.0,2261192.0,16.12,True,1747415.5057,92.87,5.7,1653793.0999,11.7,326375.0
186,110,0.9,85,0.5,110,364563.0,2261192.0,16.12,False,1747415.5057,92.87,5.7,1653793.0999,11.7,326375.0
187,110,0.9,75,0.5,110,364563.0,2261192.0,16.12,True,1747415.5057,92.87,5.7,1653793.0999,11.7,326375.0
188,110,1.0,90,0.5,110,364563.0,2261192.0,16.12,False,1747415.5057,92.87,5.7,1653793.0999,11.7,326375.0
189,110,0.8,80,0.3,110,364482.0,2261192.0,16.12,False,1745590.9717,92.77,5.6,1653793.0999,11.7,326375.0
190,110,0.8,75,0.3,110,364482.0,2261192.0,16.12,True,1745590.9717,92.77,5.6,1653793.0999,11.7,326375.0
191,110,0.9,85,0.3,110,364347.0,2261192.0,16.11,True,1756106.6441,93.33,6.2,1653793.0999,11.6,326375.0
192,110,0.7,90,0.3,110,363258.0,2261192.0,16.06,False,1747103.3064,92.85,5.6,1653793.0999,11.3,326375.0
193,110,1.0,90,0.3,110,358342.0,2261192.0,15.85,False,1746576.21,92.83,5.6,1653793.0999,9.8,326375.0
194,105,0.7,90,0.5,105,357496.0,2261192.0,15.81,False,1733486.954,92.13,4.8,1653793.0999,9.5,326375.0
195,105,0.8,90,0.3,105,356537.0,2261192.0,15.77,False,1740442.5617,92.5,5.2,1653793.0999,9.2,326375.0
196,110,0.8,90,0.5,110,352679.0,2261192.0,15.6,False,1748532.5347,92.93,5.7,1653793.0999,8.1,326375.0
197,110,0.7,90,0.5,110,352679.0,2261192.0,15.6,False,1748532.5347,92.93,5.7,1653793.0999,8.1,326375.0
198,105,0.7,80,0.5,105,351839.0,2261192.0,15.56,True,1735242.9763,92.22,4.9,1653793.0999,7.8,326375.0
199,105,0.8,85,0.5,105,351839.0,2261192.0,15.56,False,1735242.9763,92.22,4.9,1653793.0999,7.8,326375.0
200,105,0.7,80,0.3,105,351839.0,2261192.0,15.56,True,1735242.9763,92.22,4.9,1653793.0999,7.8,326375.0
201,105,0.7,75,0.3,105,351839.0,2261192.0,15.56,True,1735242.9763,92.22,4.9,1653793.0999,7.8,326375.0
202,105,0.7,85,0.3,105,351839.0,2261192.0,15.56,False,1735242.9763,92.22,4.9,1653793.0999,7.8,326375.0
203,105,0.8,75,0.5,105,351839.0,2261192.0,15.56,True,1735242.9763,92.22,4.9,1653793.0999,7.8,326375.0
204,105,0.8,80,0.5,105,351839.0,2261192.0,15.56,True,1735242.9763,92.22,4.9,1653793.0999,7.8,326375.0
205,105,0.7,75,0.5,105,351839.0,2261192.0,15.56,True,1735242.9763,92.22,4.9,1653793.0999,7.8,326375.0
206,110,0.6,90,0.5,110,351257.0,2261192.0,15.53,False,1750069.4601,93.01,5.8,1653793.0999,7.6,326375.0
207,105,0.6,80,0.3,105,351196.0,2261192.0,15.53,True,1729391.279,91.91,4.6,1653793.0999,7.6,326375.0
208,105,0.6,75,0.5,105,351196.0,2261192.0,15.53,True,1729391.279,91.91,4.6,1653793.0999,7.6,326375.0
209,105,0.6,80,0.5,105,351196.0,2261192.0,15.53,True,1729391.279,91.91,4.6,1653793.0999,7.6,326375.0
210,105,0.6,90,0.5,105,351196.0,2261192.0,15.53,False,1729391.279,91.91,4.6,1653793.0999,7.6,326375.0
211,105,0.6,75,0.3,105,351196.0,2261192.0,15.53,True,1729391.279,91.91,4.6,1653793.0999,7.6,326375.0
212,105,0.6,85,0.3,105,351196.0,2261192.0,15.53,False,1729391.279,91.91,4.6,1653793.0999,7.6,326375.0
213,105,0.6,85,0.5,105,351196.0,2261192.0,15.53,False,1729391.279,91.91,4.6,1653793.0999,7.6,326375.0
214,105,0.8,80,0.3,105,350931.0,2261192.0,15.52,False,1733572.1701,92.13,4.8,1653793.0999,7.5,326375.0
215,105,0.8,75,0.3,105,350931.0,2261192.0,15.52,True,1733572.1701,92.13,4.8,1653793.0999,7.5,326375.0
216,105,0.9,80,0.5,105,350709.0,2261192.0,15.51,True,1734389.11,92.18,4.9,1653793.0999,7.5,326375.0
217,105,1.0,90,0.5,105,350709.0,2261192.0,15.51,False,1734389.11,92.18,4.9,1653793.0999,7.5,326375.0
218,105,0.9,75,0.5,105,350709.0,2261192.0,15.51,True,1734389.11,92.18,4.9,1653793.0999,7.5,326375.0
219,105,1.0,80,0.5,105,350709.0,2261192.0,15.51,True,1734389.11,92.18,4.9,1653793.0999,7.5,326375.0
220,105,0.9,90,0.5,105,350709.0,2261192.0,15.51,False,1734389.11,92.18,4.9,1653793.0999,7.5,326375.0
221,105,1.0,75,0.5,105,350709.0,2261192.0,15.51,True,1734389.11,92.18,4.9,1653793.0999,7.5,326375.0
222,105,1.0,85,0.5,105,350709.0,2261192.0,15.51,False,1734389.11,92.18,4.9,1653793.0999,7.5,326375.0
223,105,0.9,85,0.5,105,350709.0,2261192.0,15.51,False,1734389.11,92.18,4.9,1653793.0999,7.5,326375.0
224,110,0.9,90,0.5,110,350087.0,2261192.0,15.48,False,1753131.7108,93.17,6.0,1653793.0999,7.3,326375.0
225,110,0.7,85,0.3,110,349890.0,2261192.0,15.47,False,1744179.8508,92.7,5.5,1653793.0999,7.2,326375.0
226,105,0.7,85,0.5,105,348382.0,2261192.0,15.41,True,1728041.1278,91.84,4.5,1653793.0999,6.7,326375.0
227,110,0.6,90,0.3,110,348076.0,2261192.0,15.39,False,1751368.6228,93.08,5.9,1653793.0999,6.6,326375.0
228,105,1.0,85,0.3,105,347156.0,2261192.0,15.35,True,1732582.5834,92.08,4.8,1653793.0999,6.4,326375.0
229,100,0.9,90,0.5,100,345171.0,2261192.0,15.26,False,1725588.3083,91.71,4.3,1653793.0999,5.8,326375.0
230,100,0.8,85,0.5,100,344859.0,2261192.0,15.25,True,1723891.3198,91.62,4.2,1653793.0999,5.7,326375.0
231,100,1.0,90,0.3,100,344286.0,2261192.0,15.23,False,1724874.4806,91.67,4.3,1653793.0999,5.5,326375.0
232,105,0.6,90,0.3,105,343267.0,2261192.0,15.18,False,1737803.2431,92.36,5.1,1653793.0999,5.2,326375.0
233,105,0.7,90,0.3,105,342347.0,2261192.0,15.14,False,1740812.9544,92.52,5.3,1653793.0999,4.9,326375.0
234,105,0.9,80,0.3,105,341662.0,2261192.0,15.11,True,1728967.0172,91.89,4.5,1653793.0999,4.7,326375.0
235,105,1.0,80,0.3,105,341662.0,2261192.0,15.11,True,1728967.0172,91.89,4.5,1653793.0999,4.7,326375.0
236,105,1.0,75,0.3,105,341662.0,2261192.0,15.11,True,1728967.0172,91.89,4.5,1653793.0999,4.7,326375.0
237,105,0.9,75,0.3,105,341662.0,2261192.0,15.11,True,1728967.0172,91.89,4.5,1653793.0999,4.7,326375.0
238,105,1.0,90,0.3,105,341462.0,2261192.0,15.1,False,1733458.4168,92.13,4.8,1653793.0999,4.6,326375.0
239,105,0.8,90,0.5,105,341140.0,2261192.0,15.09,False,1732226.6761,92.06,4.7,1653793.0999,4.5,326375.0
240,105,0.8,85,0.3,105,340217.0,2261192.0,15.05,True,1742792.7063,92.62,5.4,1653793.0999,4.2,326375.0
241,105,0.9,85,0.3,105,339069.0,2261192.0,15.0,True,1730492.3461,91.97,4.6,1653793.0999,3.9,326375.0
242,100,0.7,90,0.5,100,338948.0,2261192.0,14.99,False,1718274.6121,91.32,3.9,1653793.0999,3.9,326375.0
243,100,0.6,90,0.5,100,338765.0,2261192.0,14.98,False,1723815.9804,91.62,4.2,1653793.0999,3.8,326375.0
244,110,0.8,85,0.3,110,338611.0,2261192.0,14.97,True,1742538.6632,92.61,5.4,1653793.0999,3.7,326375.0
245,105,0.9,90,0.3,105,338530.0,2261192.0,14.97,False,1735362.1815,92.23,4.9,1653793.0999,3.7,326375.0
246,100,0.7,85,0.5,100,338378.0,2261192.0,14.96,False,1717106.5023,91.26,3.8,1653793.0999,3.7,326375.0
247,100,0.8,90,0.5,100,338311.0,2261192.0,14.96,False,1723357.2172,91.59,4.2,1653793.0999,3.7,326375.0
248,100,0.9,90,0.3,100,336712.0,2261192.0,14.89,False,1729473.4599,91.92,4.6,1653793.0999,3.2,326375.0
249,100,0.6,90,0.3,100,335674.0,2261192.0,14.85,False,1728744.3527,91.88,4.5,1653793.0999,2.8,326375.0
250,100,0.6,85,0.5,100,335369.0,2261192.0,14.83,False,1709435.7401,90.85,3.4,1653793.0999,2.8,326375.0
251,100,0.6,80,0.5,100,335369.0,2261192.0,14.83,True,1709435.7401,90.85,3.4,1653793.0999,2.8,326375.0
252,100,0.6,75,0.3,100,335369.0,2261192.0,14.83,True,1709435.7401,90.85,3.4,1653793.0999,2.8,326375.0
253,100,0.6,80,0.3,100,335369.0,2261192.0,14.83,True,1709435.7401,90.85,3.4,1653793.0999,2.8,326375.0
254,100,0.6,75,0.5,100,335369.0,2261192.0,14.83,True,1709435.7401,90.85,3.4,1653793.0999,2.8,326375.0
255,100,0.9,75,0.3,100,334341.0,2261192.0,14.79,True,1706928.5443,90.72,3.2,1653793.0999,2.4,326375.0
256,100,1.0,75,0.3,100,334341.0,2261192.0,14.79,True,1706928.5443,90.72,3.2,1653793.0999,2.4,326375.0
257,100,0.8,90,0.3,100,333781.0,2261192.0,14.76,False,1725196.5328,91.69,4.3,1653793.0999,2.3,326375.0
258,100,0.9,85,0.3,100,333689.0,2261192.0,14.76,True,1722903.3191,91.57,4.2,1653793.0999,2.2,326375.0
259,100,0.7,75,0.3,100,332360.0,2261192.0,14.7,True,1713930.3513,91.09,3.6,1653793.0999,1.8,326375.0
260,100,0.7,80,0.3,100,332360.0,2261192.0,14.7,False,1713930.3513,91.09,3.6,1653793.0999,1.8,326375.0
261,100,0.7,75,0.5,100,332360.0,2261192.0,14.7,True,1713930.3513,91.09,3.6,1653793.0999,1.8,326375.0
262,100,0.7,80,0.5,100,332360.0,2261192.0,14.7,False,1713930.3513,91.09,3.6,1653793.0999,1.8,326375.0
263,100,0.8,75,0.5,100,332360.0,2261192.0,14.7,True,1713930.3513,91.09,3.6,1653793.0999,1.8,326375.0
264,100,0.8,80,0.5,100,332360.0,2261192.0,14.7,False,1713930.3513,91.09,3.6,1653793.0999,1.8,326375.0
265,100,0.9,85,0.5,100,331756.0,2261192.0,14.67,False,1721288.1207,91.48,4.1,1653793.0999,1.6,326375.0
266,100,0.8,75,0.3,100,331709.0,2261192.0,14.67,True,1712401.5051,91.01,3.5,1653793.0999,1.6,326375.0
267,100,0.6,85,0.3,100,331377.0,2261192.0,14.65,False,1715269.0541,91.16,3.7,1653793.0999,1.5,326375.0
268,100,0.9,80,0.5,100,331229.0,2261192.0,14.65,True,1713076.4474,91.05,3.6,1653793.0999,1.5,326375.0
269,100,0.9,75,0.5,100,331229.0,2261192.0,14.65,True,1713076.4474,91.05,3.6,1653793.0999,1.5,326375.0
270,100,1.0,80,0.5,100,331229.0,2261192.0,14.65,True,1713076.4474,91.05,3.6,1653793.0999,1.5,326375.0
271,100,1.0,75,0.5,100,331229.0,2261192.0,14.65,True,1713076.4474,91.05,3.6,1653793.0999,1.5,326375.0
272,95,1.0,85,0.3,95,327581.0,2261192.0,14.49,True,1704579.3247,90.59,3.1,1653793.0999,0.4,326375.0
273,100,0.7,90,0.3,100,327527.0,2261192.0,14.48,False,1723893.5485,91.62,4.2,1653793.0999,0.4,326375.0
274,100,1.0,85,0.5,100,326314.0,2261192.0,14.43,True,1717296.8557,91.27,3.8,1653793.0999,-0.0,326375.0
275,100,0.7,85,0.3,100,325849.0,2261192.0,14.41,True,1721324.9211,91.48,4.1,1653793.0999,-0.2,326375.0
276,100,1.0,90,0.5,100,324741.0,2261192.0,14.36,False,1722880.4757,91.57,4.2,1653793.0999,-0.5,326375.0
277,95,0.7,90,0.5,95,324711.0,2261192.0,14.36,False,1700131.1968,90.36,2.8,1653793.0999,-0.5,326375.0
278,100,0.8,85,0.3,100,324072.0,2261192.0,14.33,True,1713420.3513,91.06,3.6,1653793.0999,-0.7,326375.0
279,100,0.9,80,0.3,100,322718.0,2261192.0,14.27,False,1707608.9089,90.75,3.3,1653793.0999,-1.1,326375.0
280,100,1.0,80,0.3,100,322718.0,2261192.0,14.27,False,1707608.9089,90.75,3.3,1653793.0999,-1.1,326375.0
281,95,0.7,90,0.3,95,321837.0,2261192.0,14.23,False,1706973.5961,90.72,3.2,1653793.0999,-1.4,326375.0
282,95,0.6,85,0.3,95,321448.0,2261192.0,14.22,True,1708509.9167,90.8,3.3,1653793.0999,-1.5,326375.0
283,95,0.7,85,0.3,95,320800.0,2261192.0,14.19,True,1707489.5587,90.75,3.2,1653793.0999,-1.7,326375.0
284,95,0.8,85,0.3,95,320651.0,2261192.0,14.18,True,1700331.0202,90.37,2.8,1653793.0999,-1.8,326375.0
285,100,1.0,85,0.3,100,319902.0,2261192.0,14.15,True,1721871.497,91.51,4.1,1653793.0999,-2.0,326375.0
286,95,1.0,90,0.3,95,319424.0,2261192.0,14.13,False,1711454.5872,90.96,3.5,1653793.0999,-2.1,326375.0
287,95,0.8,80,0.3,95,318939.0,2261192.0,14.1,True,1699797.9593,90.34,2.8,1653793.0999,-2.3,326375.0
288,95,0.8,90,0.5,95,318120.0,2261192.0,14.07,False,1703135.9436,90.52,3.0,1653793.0999,-2.5,326375.0
289,95,1.0,85,0.5,95,318014.0,2261192.0,14.06,True,1689484.6885,89.79,2.2,1653793.0999,-2.6,326375.0
290,95,0.9,80,0.3,95,317811.0,2261192.0,14.06,False,1698477.8417,90.27,2.7,1653793.0999,-2.6,326375.0
291,95,1.0,90,0.5,95,316856.0,2261192.0,14.01,False,1701928.1418,90.45,2.9,1653793.0999,-2.9,326375.0
292,95,0.7,80,0.5,95,316155.0,2261192.0,13.98,False,1694097.893,90.04,2.4,1653793.0999,-3.1,326375.0
293,95,0.7,80,0.3,95,316155.0,2261192.0,13.98,False,1694097.893,90.04,2.4,1653793.0999,-3.1,326375.0
294,95,0.8,80,0.5,95,316155.0,2261192.0,13.98,False,1694097.893,90.04,2.4,1653793.0999,-3.1,326375.0
295,95,0.8,75,0.5,95,316155.0,2261192.0,13.98,True,1694097.893,90.04,2.4,1653793.0999,-3.1,326375.0
296,95,0.7,75,0.3,95,316155.0,2261192.0,13.98,True,1694097.893,90.04,2.4,1653793.0999,-3.1,326375.0
297,95,0.7,75,0.5,95,316155.0,2261192.0,13.98,True,1694097.893,90.04,2.4,1653793.0999,-3.1,326375.0
298,95,0.6,75,0.5,95,315867.0,2261192.0,13.97,True,1694177.1952,90.04,2.4,1653793.0999,-3.2,326375.0
299,95,0.6,80,0.5,95,315867.0,2261192.0,13.97,False,1694177.1952,90.04,2.4,1653793.0999,-3.2,326375.0
300,95,0.6,75,0.3,95,315867.0,2261192.0,13.97,True,1694177.1952,90.04,2.4,1653793.0999,-3.2,326375.0
301,95,0.6,80,0.3,95,315867.0,2261192.0,13.97,False,1694177.1952,90.04,2.4,1653793.0999,-3.2,326375.0
302,95,0.8,75,0.3,95,315504.0,2261192.0,13.95,True,1692482.0424,89.95,2.3,1653793.0999,-3.3,326375.0
303,95,1.0,75,0.5,95,315220.0,2261192.0,13.94,True,1693922.4269,90.03,2.4,1653793.0999,-3.4,326375.0
304,95,1.0,80,0.5,95,315220.0,2261192.0,13.94,False,1693922.4269,90.03,2.4,1653793.0999,-3.4,326375.0
305,95,0.9,75,0.5,95,315220.0,2261192.0,13.94,True,1693922.4269,90.03,2.4,1653793.0999,-3.4,326375.0
306,95,0.9,80,0.5,95,315220.0,2261192.0,13.94,False,1693922.4269,90.03,2.4,1653793.0999,-3.4,326375.0
307,95,0.9,85,0.5,95,314974.0,2261192.0,13.93,False,1680337.3696,89.31,1.6,1653793.0999,-3.5,326375.0
308,95,0.6,90,0.3,95,314960.0,2261192.0,13.93,False,1691025.7412,89.87,2.3,1653793.0999,-3.5,326375.0
309,95,1.0,75,0.3,95,314569.0,2261192.0,13.91,True,1692306.5764,89.94,2.3,1653793.0999,-3.6,326375.0
310,95,0.9,75,0.3,95,314569.0,2261192.0,13.91,True,1692306.5764,89.94,2.3,1653793.0999,-3.6,326375.0
311,90,0.6,90,0.3,90,314498.0,2261192.0,13.91,False,1688990.7152,89.77,2.1,1653793.0999,-3.6,326375.0
312,95,0.8,85,0.5,95,313099.0,2261192.0,13.85,True,1703238.6028,90.52,3.0,1653793.0999,-4.1,326375.0
313,95,0.7,85,0.5,95,313099.0,2261192.0,13.85,True,1703238.6028,90.52,3.0,1653793.0999,-4.1,326375.0
314,95,0.9,85,0.3,95,313019.0,2261192.0,13.84,False,1700985.8393,90.4,2.9,1653793.0999,-4.1,326375.0
315,95,0.6,90,0.5,95,312225.0,2261192.0,13.81,False,1696595.4691,90.17,2.6,1653793.0999,-4.3,326375.0
316,95,0.6,85,0.5,95,312046.0,2261192.0,13.8,True,1694454.7537,90.06,2.5,1653793.0999,-4.4,326375.0
317,90,0.7,90,0.3,90,311264.0,2261192.0,13.77,False,1694516.9097,90.06,2.5,1653793.0999,-4.6,326375.0
318,100,0.8,80,0.3,100,310470.0,2261192.0,13.73,True,1717603.9034,91.29,3.9,1653793.0999,-4.9,326375.0
319,90,1.0,90,0.5,90,310456.0,2261192.0,13.73,False,1687336.335,89.68,2.0,1653793.0999,-4.9,326375.0
320,95,0.8,90,0.3,95,309265.0,2261192.0,13.68,False,1708192.1522,90.79,3.3,1653793.0999,-5.2,326375.0
321,90,1.0,90,0.3,90,308888.0,2261192.0,13.66,False,1689470.8895,89.79,2.2,1653793.0999,-5.4,326375.0
322,90,1.0,85,0.5,90,308454.0,2261192.0,13.64,False,1683926.7238,89.5,1.8,1653793.0999,-5.5,326375.0
323,90,0.7,80,0.5,90,307062.0,2261192.0,13.58,False,1679369.1148,89.25,1.5,1653793.0999,-5.9,326375.0
324,90,1.0,80,0.5,90,306076.0,2261192.0,13.54,True,1676695.2683,89.11,1.4,1653793.0999,-6.2,326375.0
325,90,0.9,80,0.5,90,305123.0,2261192.0,13.49,True,1677603.7774,89.16,1.4,1653793.0999,-6.5,326375.0
326,95,0.9,90,0.5,95,304700.0,2261192.0,13.48,False,1693180.4152,89.99,2.4,1653793.0999,-6.6,326375.0
327,90,0.6,80,0.3,90,304587.0,2261192.0,13.47,True,1690780.0381,89.86,2.2,1653793.0999,-6.7,326375.0
328,95,1.0,80,0.3,95,304095.0,2261192.0,13.45,True,1697019.5854,90.19,2.6,1653793.0999,-6.8,326375.0
329,90,0.8,80,0.3,90,302268.0,2261192.0,13.37,False,1679129.0294,89.24,1.5,1653793.0999,-7.4,326375.0
330,95,0.9,90,0.3,95,301774.0,2261192.0,13.35,False,1703340.1426,90.53,3.0,1653793.0999,-7.5,326375.0
331,90,0.6,85,0.5,90,300986.0,2261192.0,13.31,False,1678215.5639,89.19,1.5,1653793.0999,-7.8,326375.0
332,90,1.0,85,0.3,90,300825.0,2261192.0,13.3,True,1686249.5628,89.62,2.0,1653793.0999,-7.8,326375.0
333,90,0.6,80,0.5,90,299896.0,2261192.0,13.26,False,1679581.1998,89.27,1.6,1653793.0999,-8.1,326375.0
334,90,0.6,90,0.5,90,299494.0,2261192.0,13.24,False,1691396.5004,89.89,2.3,1653793.0999,-8.2,326375.0
335,90,0.7,90,0.5,90,299494.0,2261192.0,13.24,False,1691396.5004,89.89,2.3,1653793.0999,-8.2,326375.0
336,90,0.9,75,0.5,90,298810.0,2261192.0,13.21,False,1677108.2201,89.13,1.4,1653793.0999,-8.4,326375.0
337,90,1.0,75,0.5,90,298810.0,2261192.0,13.21,False,1677108.2201,89.13,1.4,1653793.0999,-8.4,326375.0
338,90,0.8,75,0.5,90,298219.0,2261192.0,13.19,False,1674624.1273,89.0,1.3,1653793.0999,-8.6,326375.0
339,90,0.7,75,0.5,90,297931.0,2261192.0,13.18,True,1674563.5974,89.0,1.3,1653793.0999,-8.7,326375.0
340,90,0.7,75,0.3,90,297931.0,2261192.0,13.18,True,1674563.5974,89.0,1.3,1653793.0999,-8.7,326375.0
341,90,0.6,75,0.5,90,297931.0,2261192.0,13.18,True,1674563.5974,89.0,1.3,1653793.0999,-8.7,326375.0
342,90,0.6,75,0.3,90,297931.0,2261192.0,13.18,True,1674563.5974,89.0,1.3,1653793.0999,-8.7,326375.0
343,90,0.9,90,0.5,90,297671.0,2261192.0,13.16,False,1679796.0573,89.28,1.6,1653793.0999,-8.8,326375.0
344,90,0.9,75,0.3,90,297656.0,2261192.0,13.16,False,1675220.3999,89.03,1.3,1653793.0999,-8.8,326375.0
345,90,1.0,75,0.3,90,297656.0,2261192.0,13.16,False,1675220.3999,89.03,1.3,1653793.0999,-8.8,326375.0
346,90,0.9,80,0.3,90,297521.0,2261192.0,13.16,True,1666995.5079,88.6,0.8,1653793.0999,-8.8,326375.0
347,85,1.0,90,0.3,85,297446.0,2261192.0,13.15,False,1671757.1809,88.85,1.1,1653793.0999,-8.9,326375.0
348,90,0.8,75,0.3,90,297349.0,2261192.0,13.15,False,1673649.8257,88.95,1.2,1653793.0999,-8.9,326375.0
349,90,0.7,80,0.3,90,296626.0,2261192.0,13.12,True,1680412.8326,89.31,1.6,1653793.0999,-9.1,326375.0
350,90,0.9,85,0.5,90,296362.0,2261192.0,13.11,False,1675929.7217,89.07,1.3,1653793.0999,-9.2,326375.0
351,85,0.6,80,0.3,85,296169.0,2261192.0,13.1,False,1673701.8359,88.95,1.2,1653793.0999,-9.3,326375.0
352,90,0.8,80,0.5,90,295603.0,2261192.0,13.07,False,1678221.7371,89.19,1.5,1653793.0999,-9.4,326375.0
353,90,1.0,80,0.3,90,294813.0,2261192.0,13.04,True,1685466.4967,89.58,1.9,1653793.0999,-9.7,326375.0
354,90,0.6,85,0.3,90,294389.0,2261192.0,13.02,True,1685561.9677,89.58,1.9,1653793.0999,-9.8,326375.0
355,85,0.6,80,0.5,85,292627.0,2261192.0,12.94,True,1653004.7948,87.85,-0.0,1653793.0999,-10.3,326375.0
356,85,0.9,90,0.5,85,291747.0,2261192.0,12.9,False,1665360.6152,88.51,0.7,1653793.0999,-10.6,326375.0
357,90,0.7,85,0.5,90,290838.0,2261192.0,12.86,False,1679591.4332,89.27,1.6,1653793.0999,-10.9,326375.0
358,90,0.9,85,0.3,90,289174.0,2261192.0,12.79,False,1681426.3583,89.36,1.7,1653793.0999,-11.4,326375.0
359,90,0.9,90,0.3,90,289174.0,2261192.0,12.79,False,1681426.3583,89.36,1.7,1653793.0999,-11.4,326375.0
360,85,0.7,90,0.5,85,288841.0,2261192.0,12.77,False,1662209.2341,88.34,0.5,1653793.0999,-11.5,326375.0
361,85,0.8,75,0.5,85,288835.0,2261192.0,12.77,True,1662811.7583,88.37,0.5,1653793.0999,-11.5,326375.0
362,90,0.8,85,0.5,90,288572.0,2261192.0,12.76,True,1682939.3434,89.44,1.8,1653793.0999,-11.6,326375.0
363,85,0.7,85,0.5,85,287214.0,2261192.0,12.7,False,1659229.7513,88.18,0.3,1653793.0999,-12.0,326375.0
364,85,1.0,85,0.5,85,287168.0,2261192.0,12.7,False,1676487.1361,89.1,1.4,1653793.0999,-12.0,326375.0
365,85,0.7,80,0.5,85,286834.0,2261192.0,12.69,True,1672946.7213,88.91,1.2,1653793.0999,-12.1,326375.0
366,85,0.9,85,0.5,85,286743.0,2261192.0,12.68,False,1669994.9299,88.76,1.0,1653793.0999,-12.1,326375.0
367,90,0.8,85,0.3,90,286026.0,2261192.0,12.65,False,1683880.5608,89.49,1.8,1653793.0999,-12.4,326375.0
368,90,0.8,90,0.3,90,286026.0,2261192.0,12.65,False,1683880.5608,89.49,1.8,1653793.0999,-12.4,326375.0
369,90,0.8,90,0.5,90,285888.0,2261192.0,12.64,False,1686026.5335,89.61,1.9,1653793.0999,-12.4,326375.0
370,85,0.6,85,0.3,85,285364.0,2261192.0,12.62,False,1670146.6743,88.76,1.0,1653793.0999,-12.6,326375.0
371,85,0.6,90,0.3,85,285364.0,2261192.0,12.62,False,1670146.6743,88.76,1.0,1653793.0999,-12.6,326375.0
372,80,1.0,85,0.5,80,284999.0,2261192.0,12.6,False,1648078.9863,87.59,-0.3,1653793.0999,-12.7,326375.0
373,85,0.6,90,0.5,85,281580.0,2261192.0,12.45,False,1665538.4461,88.52,0.7,1653793.0999,-13.7,326375.0
374,85,0.6,85,0.5,85,281580.0,2261192.0,12.45,False,1665538.4461,88.52,0.7,1653793.0999,-13.7,326375.0
375,85,0.8,85,0.5,85,281492.0,2261192.0,12.45,False,1667655.4048,88.63,0.8,1653793.0999,-13.8,326375.0
376,85,0.8,90,0.5,85,281492.0,2261192.0,12.45,False,1667655.4048,88.63,0.8,1653793.0999,-13.8,326375.0
377,85,1.0,80,0.5,85,280754.0,2261192.0,12.42,False,1661533.6809,88.31,0.5,1653793.0999,-14.0,326375.0
378,85,0.7,75,0.5,85,280688.0,2261192.0,12.41,True,1646588.4955,87.51,-0.4,1653793.0999,-14.0,326375.0
379,85,0.6,75,0.5,85,280688.0,2261192.0,12.41,True,1646588.4955,87.51,-0.4,1653793.0999,-14.0,326375.0
380,80,0.9,80,0.3,80,280664.0,2261192.0,12.41,True,1636713.7049,86.99,-1.0,1653793.0999,-14.0,326375.0
381,85,0.7,85,0.3,85,280421.0,2261192.0,12.4,False,1656415.1243,88.03,0.2,1653793.0999,-14.1,326375.0
382,85,0.8,90,0.3,85,280227.0,2261192.0,12.39,False,1658130.1124,88.13,0.3,1653793.0999,-14.1,326375.0
383,85,1.0,80,0.3,85,280169.0,2261192.0,12.39,False,1656198.2985,88.02,0.1,1653793.0999,-14.2,326375.0
384,80,0.8,90,0.5,80,279608.0,2261192.0,12.37,False,1648930.91,87.64,-0.3,1653793.0999,-14.3,326375.0
385,80,0.8,85,0.5,80,279608.0,2261192.0,12.37,False,1648930.91,87.64,-0.3,1653793.0999,-14.3,326375.0
386,85,0.8,80,0.5,85,278145.0,2261192.0,12.3,True,1665310.4949,88.51,0.7,1653793.0999,-14.8,326375.0
387,85,0.7,75,0.3,85,277804.0,2261192.0,12.29,False,1643837.0626,87.37,-0.6,1653793.0999,-14.9,326375.0
388,85,0.6,75,0.3,85,277804.0,2261192.0,12.29,False,1643837.0626,87.37,-0.6,1653793.0999,-14.9,326375.0
389,85,0.7,90,0.3,85,277467.0,2261192.0,12.27,False,1666016.1881,88.54,0.7,1653793.0999,-15.0,326375.0
390,85,0.9,75,0.3,85,277148.0,2261192.0,12.26,False,1642744.8753,87.31,-0.7,1653793.0999,-15.1,326375.0
391,85,1.0,75,0.3,85,277148.0,2261192.0,12.26,False,1642744.8753,87.31,-0.7,1653793.0999,-15.1,326375.0
392,85,0.9,80,0.5,85,277091.0,2261192.0,12.25,True,1647574.4103,87.56,-0.4,1653793.0999,-15.1,326375.0
393,85,0.9,80,0.3,85,277009.0,2261192.0,12.25,True,1645432.2959,87.45,-0.5,1653793.0999,-15.1,326375.0
394,85,0.8,85,0.3,85,276676.0,2261192.0,12.24,True,1651792.1585,87.79,-0.1,1653793.0999,-15.2,326375.0
395,85,0.9,85,0.3,85,276566.0,2261192.0,12.23,False,1637947.4947,87.05,-1.0,1653793.0999,-15.3,326375.0
396,85,0.8,80,0.3,85,276072.0,2261192.0,12.21,True,1658107.6777,88.12,0.3,1653793.0999,-15.4,326375.0
397,80,0.6,80,0.3,80,276044.0,2261192.0,12.21,False,1641020.0684,87.22,-0.8,1653793.0999,-15.4,326375.0
398,80,0.7,90,0.5,80,275925.0,2261192.0,12.2,False,1647210.3037,87.54,-0.4,1653793.0999,-15.5,326375.0
399,80,0.7,85,0.5,80,275925.0,2261192.0,12.2,False,1647210.3037,87.54,-0.4,1653793.0999,-15.5,326375.0
400,85,1.0,85,0.3,85,275475.0,2261192.0,12.18,False,1668855.3121,88.7,0.9,1653793.0999,-15.6,326375.0
401,80,0.8,80,0.5,80,275377.0,2261192.0,12.18,False,1651869.8895,87.79,-0.1,1653793.0999,-15.6,326375.0
402,80,0.6,75,0.5,80,274879.0,2261192.0,12.16,True,1631166.767,86.69,-1.4,1653793.0999,-15.8,326375.0
403,85,0.9,75,0.5,85,274749.0,2261192.0,12.15,False,1636751.9453,86.99,-1.0,1653793.0999,-15.8,326375.0
404,85,1.0,75,0.5,85,274749.0,2261192.0,12.15,False,1636751.9453,86.99,-1.0,1653793.0999,-15.8,326375.0
405,85,0.9,90,0.3,85,274555.0,2261192.0,12.14,False,1669336.3146,88.72,0.9,1653793.0999,-15.9,326375.0
406,80,0.6,90,0.5,80,274047.0,2261192.0,12.12,False,1647096.0129,87.54,-0.4,1653793.0999,-16.0,326375.0
407,80,0.6,85,0.5,80,274047.0,2261192.0,12.12,False,1647096.0129,87.54,-0.4,1653793.0999,-16.0,326375.0
408,80,0.7,75,0.5,80,273793.0,2261192.0,12.11,True,1627828.2752,86.51,-1.6,1653793.0999,-16.1,326375.0
409,80,1.0,75,0.5,80,273706.0,2261192.0,12.1,False,1630710.4996,86.67,-1.4,1653793.0999,-16.1,326375.0
410,85,0.7,80,0.3,85,273620.0,2261192.0,12.1,False,1652052.4217,87.8,-0.1,1653793.0999,-16.2,326375.0
411,80,0.9,75,0.5,80,273288.0,2261192.0,12.09,False,1632832.125,86.78,-1.3,1653793.0999,-16.3,326375.0
412,85,0.8,75,0.3,85,273227.0,2261192.0,12.08,True,1651064.5045,87.75,-0.2,1653793.0999,-16.3,326375.0
413,80,1.0,85,0.3,80,272900.0,2261192.0,12.07,False,1640040.9437,87.16,-0.8,1653793.0999,-16.4,326375.0
414,80,1.0,90,0.3,80,272900.0,2261192.0,12.07,False,1640040.9437,87.16,-0.8,1653793.0999,-16.4,326375.0
415,85,1.0,90,0.5,85,271301.0,2261192.0,12.0,False,1667823.5479,88.64,0.8,1653793.0999,-16.9,326375.0
416,90,0.7,85,0.3,90,270801.0,2261192.0,11.98,False,1665491.9073,88.52,0.7,1653793.0999,-17.0,326375.0
417,80,0.6,90,0.3,80,270714.0,2261192.0,11.97,False,1635387.3231,86.92,-1.1,1653793.0999,-17.1,326375.0
418,80,0.7,90,0.3,80,270714.0,2261192.0,11.97,False,1635387.3231,86.92,-1.1,1653793.0999,-17.1,326375.0
419,80,0.7,85,0.3,80,270714.0,2261192.0,11.97,False,1635387.3231,86.92,-1.1,1653793.0999,-17.1,326375.0
420,80,0.6,85,0.3,80,270714.0,2261192.0,11.97,False,1635387.3231,86.92,-1.1,1653793.0999,-17.1,326375.0
421,75,0.9,85,0.5,75,269945.0,2261192.0,11.94,False,1629840.8616,86.62,-1.4,1653793.0999,-17.3,326375.0
422,75,0.9,90,0.5,75,269945.0,2261192.0,11.94,False,1629840.8616,86.62,-1.4,1653793.0999,-17.3,326375.0
423,75,1.0,75,0.5,75,269555.0,2261192.0,11.92,True,1607775.2962,85.45,-2.8,1653793.0999,-17.4,326375.0
424,80,0.7,80,0.5,80,269391.0,2261192.0,11.91,True,1636110.1818,86.96,-1.1,1653793.0999,-17.5,326375.0
425,80,1.0,90,0.5,80,269367.0,2261192.0,11.91,False,1639570.8103,87.14,-0.9,1653793.0999,-17.5,326375.0
426,80,0.7,80,0.3,80,269294.0,2261192.0,11.91,True,1627786.3975,86.51,-1.6,1653793.0999,-17.5,326375.0
427,75,0.6,90,0.5,75,269069.0,2261192.0,11.9,False,1628147.2679,86.53,-1.6,1653793.0999,-17.6,326375.0
428,75,0.6,85,0.5,75,269069.0,2261192.0,11.9,False,1628147.2679,86.53,-1.6,1653793.0999,-17.6,326375.0
429,80,1.0,80,0.5,80,269062.0,2261192.0,11.9,True,1632783.3671,86.78,-1.3,1653793.0999,-17.6,326375.0
430,80,0.7,75,0.3,80,267878.0,2261192.0,11.85,True,1626933.4987,86.47,-1.6,1653793.0999,-17.9,326375.0
431,80,0.6,75,0.3,80,267878.0,2261192.0,11.85,True,1626933.4987,86.47,-1.6,1653793.0999,-17.9,326375.0
432,75,1.0,90,0.3,75,267357.0,2261192.0,11.82,False,1633462.5037,86.81,-1.2,1653793.0999,-18.1,326375.0
433,75,1.0,85,0.3,75,267357.0,2261192.0,11.82,False,1633462.5037,86.81,-1.2,1653793.0999,-18.1,326375.0
434,80,0.9,90,0.5,80,267167.0,2261192.0,11.82,False,1635161.6327,86.9,-1.1,1653793.0999,-18.1,326375.0
435,80,0.9,85,0.5,80,267167.0,2261192.0,11.82,False,1635161.6327,86.9,-1.1,1653793.0999,-18.1,326375.0
436,80,0.6,80,0.5,80,266636.0,2261192.0,11.79,False,1622647.25,86.24,-1.9,1653793.0999,-18.3,326375.0
437,75,0.6,75,0.3,75,264040.0,2261192.0,11.68,False,1609744.0372,85.55,-2.7,1653793.0999,-19.1,326375.0
438,75,0.9,90,0.3,75,263651.0,2261192.0,11.66,False,1617670.9971,85.98,-2.2,1653793.0999,-19.2,326375.0
439,75,0.9,85,0.3,75,263651.0,2261192.0,11.66,False,1617670.9971,85.98,-2.2,1653793.0999,-19.2,326375.0
440,80,0.8,75,0.3,80,262753.0,2261192.0,11.62,False,1622803.7042,86.25,-1.9,1653793.0999,-19.5,326375.0
441,80,0.8,75,0.5,80,262533.0,2261192.0,11.61,True,1624332.9629,86.33,-1.8,1653793.0999,-19.6,326375.0
442,80,0.9,75,0.3,80,262470.0,2261192.0,11.61,False,1619014.334,86.05,-2.1,1653793.0999,-19.6,326375.0
443,80,1.0,75,0.3,80,262470.0,2261192.0,11.61,False,1619014.334,86.05,-2.1,1653793.0999,-19.6,326375.0
444,80,1.0,80,0.3,80,262219.0,2261192.0,11.6,False,1639648.7996,87.14,-0.9,1653793.0999,-19.7,326375.0
445,75,0.7,85,0.5,75,261857.0,2261192.0,11.58,False,1607561.5049,85.44,-2.8,1653793.0999,-19.8,326375.0
446,75,0.7,90,0.5,75,261857.0,2261192.0,11.58,False,1607561.5049,85.44,-2.8,1653793.0999,-19.8,326375.0
447,75,1.0,90,0.5,75,260519.0,2261192.0,11.52,False,1624002.4511,86.31,-1.8,1653793.0999,-20.2,326375.0
448,75,1.0,85,0.5,75,260519.0,2261192.0,11.52,False,1624002.4511,86.31,-1.8,1653793.0999,-20.2,326375.0
449,75,1.0,80,0.3,75,260458.0,2261192.0,11.52,False,1621220.3278,86.16,-2.0,1653793.0999,-20.2,326375.0
450,80,0.8,90,0.3,80,259794.0,2261192.0,11.49,False,1642779.632,87.31,-0.7,1653793.0999,-20.4,326375.0
451,80,0.8,85,0.3,80,259794.0,2261192.0,11.49,False,1642779.632,87.31,-0.7,1653793.0999,-20.4,326375.0
452,75,0.9,75,0.3,75,259217.0,2261192.0,11.46,False,1616393.447,85.91,-2.3,1653793.0999,-20.6,326375.0
453,75,1.0,75,0.3,75,259217.0,2261192.0,11.46,False,1616393.447,85.91,-2.3,1653793.0999,-20.6,326375.0
454,75,0.8,75,0.5,75,258862.0,2261192.0,11.45,True,1607971.3213,85.46,-2.8,1653793.0999,-20.7,326375.0
455,80,0.8,80,0.3,80,258154.0,2261192.0,11.42,True,1624991.4013,86.36,-1.7,1653793.0999,-20.9,326375.0
456,80,0.9,80,0.5,80,256009.0,2261192.0,11.32,False,1629600.6219,86.61,-1.5,1653793.0999,-21.6,326375.0
457,75,0.6,80,0.5,75,255834.0,2261192.0,11.31,False,1606394.0153,85.38,-2.9,1653793.0999,-21.6,326375.0
458,75,1.0,80,0.5,75,255711.0,2261192.0,11.31,False,1619507.6435,86.07,-2.1,1653793.0999,-21.7,326375.0
459,80,0.9,85,0.3,80,255172.0,2261192.0,11.28,False,1649940.0847,87.69,-0.2,1653793.0999,-21.8,326375.0
460,80,0.9,90,0.3,80,255172.0,2261192.0,11.28,False,1649940.0847,87.69,-0.2,1653793.0999,-21.8,326375.0
461,75,0.9,80,0.5,75,254170.0,2261192.0,11.24,True,1607864.0405,85.45,-2.8,1653793.0999,-22.1,326375.0
462,75,0.7,80,0.5,75,253460.0,2261192.0,11.21,False,1614762.6281,85.82,-2.4,1653793.0999,-22.3,326375.0
463,70,0.9,80,0.5,70,253257.0,2261192.0,11.2,False,1600793.2487,85.08,-3.2,1653793.0999,-22.4,326375.0
464,70,0.9,85,0.5,70,253257.0,2261192.0,11.2,False,1600793.2487,85.08,-3.2,1653793.0999,-22.4,326375.0
465,70,0.9,90,0.5,70,253257.0,2261192.0,11.2,False,1600793.2487,85.08,-3.2,1653793.0999,-22.4,326375.0
466,75,0.9,80,0.3,75,252860.0,2261192.0,11.18,False,1619516.4756,86.07,-2.1,1653793.0999,-22.5,326375.0
467,75,0.6,75,0.5,75,249021.0,2261192.0,11.01,True,1602946.2056,85.19,-3.1,1653793.0999,-23.7,326375.0
468,75,0.8,75,0.3,75,248915.0,2261192.0,11.01,True,1603359.8179,85.21,-3.0,1653793.0999,-23.7,326375.0
469,75,0.8,80,0.5,75,245125.0,2261192.0,10.84,False,1611111.4085,85.63,-2.6,1653793.0999,-24.9,326375.0
470,75,0.7,75,0.3,75,243751.0,2261192.0,10.78,True,1599163.7775,84.99,-3.3,1653793.0999,-25.3,326375.0
471,70,0.6,75,0.5,70,242947.0,2261192.0,10.74,True,1589983.0213,84.5,-3.9,1653793.0999,-25.6,326375.0
472,75,0.8,90,0.5,75,242413.0,2261192.0,10.72,False,1600890.8298,85.08,-3.2,1653793.0999,-25.7,326375.0
473,75,0.8,85,0.5,75,242413.0,2261192.0,10.72,False,1600890.8298,85.08,-3.2,1653793.0999,-25.7,326375.0
474,75,0.8,90,0.3,75,242329.0,2261192.0,10.72,False,1613150.7654,85.73,-2.5,1653793.0999,-25.8,326375.0
475,75,0.8,80,0.3,75,242329.0,2261192.0,10.72,False,1613150.7654,85.73,-2.5,1653793.0999,-25.8,326375.0
476,75,0.8,85,0.3,75,242329.0,2261192.0,10.72,False,1613150.7654,85.73,-2.5,1653793.0999,-25.8,326375.0
477,70,0.9,85,0.3,70,240839.0,2261192.0,10.65,False,1598516.492,84.96,-3.3,1653793.0999,-26.2,326375.0
478,70,0.9,90,0.3,70,240839.0,2261192.0,10.65,False,1598516.492,84.96,-3.3,1653793.0999,-26.2,326375.0
479,70,0.9,80,0.3,70,240839.0,2261192.0,10.65,False,1598516.492,84.96,-3.3,1653793.0999,-26.2,326375.0
480,70,0.7,80,0.3,70,240524.0,2261192.0,10.64,False,1592727.6018,84.65,-3.7,1653793.0999,-26.3,326375.0
481,75,0.7,75,0.5,75,239766.0,2261192.0,10.6,True,1601087.3489,85.09,-3.2,1653793.0999,-26.5,326375.0
482,70,0.8,80,0.5,70,239407.0,2261192.0,10.59,False,1583511.3078,84.16,-4.2,1653793.0999,-26.6,326375.0
483,70,0.6,90,0.5,70,237464.0,2261192.0,10.5,False,1580335.7409,83.99,-4.4,1653793.0999,-27.2,326375.0
484,70,0.6,85,0.5,70,237464.0,2261192.0,10.5,False,1580335.7409,83.99,-4.4,1653793.0999,-27.2,326375.0
485,70,0.6,80,0.5,70,237464.0,2261192.0,10.5,False,1580335.7409,83.99,-4.4,1653793.0999,-27.2,326375.0
486,75,0.7,85,0.3,75,237226.0,2261192.0,10.49,False,1612059.5234,85.68,-2.5,1653793.0999,-27.3,326375.0
487,75,0.7,80,0.3,75,237226.0,2261192.0,10.49,False,1612059.5234,85.68,-2.5,1653793.0999,-27.3,326375.0
488,75,0.7,90,0.3,75,237226.0,2261192.0,10.49,False,1612059.5234,85.68,-2.5,1653793.0999,-27.3,326375.0
489,70,0.6,75,0.3,70,235756.0,2261192.0,10.43,True,1568151.6028,83.34,-5.2,1653793.0999,-27.8,326375.0
490,70,1.0,75,0.5,70,235732.0,2261192.0,10.43,True,1575465.7726,83.73,-4.7,1653793.0999,-27.8,326375.0
491,75,0.6,80,0.3,75,235731.0,2261192.0,10.43,False,1615303.3142,85.85,-2.3,1653793.0999,-27.8,326375.0
492,75,0.6,85,0.3,75,235731.0,2261192.0,10.43,False,1615303.3142,85.85,-2.3,1653793.0999,-27.8,326375.0
493,75,0.6,90,0.3,75,235731.0,2261192.0,10.43,False,1615303.3142,85.85,-2.3,1653793.0999,-27.8,326375.0
494,70,0.7,75,0.5,70,234004.0,2261192.0,10.35,True,1567929.5054,83.33,-5.2,1653793.0999,-28.3,326375.0
495,70,0.7,90,0.5,70,233663.0,2261192.0,10.33,False,1581867.8999,84.07,-4.3,1653793.0999,-28.4,326375.0
496,70,0.7,85,0.5,70,233663.0,2261192.0,10.33,False,1581867.8999,84.07,-4.3,1653793.0999,-28.4,326375.0
497,70,1.0,90,0.5,70,233503.0,2261192.0,10.33,False,1587168.6814,84.35,-4.0,1653793.0999,-28.5,326375.0
498,70,1.0,85,0.5,70,233503.0,2261192.0,10.33,False,1587168.6814,84.35,-4.0,1653793.0999,-28.5,326375.0
499,70,0.8,75,0.5,70,233199.0,2261192.0,10.31,False,1574962.9726,83.71,-4.8,1653793.0999,-28.5,326375.0
500,70,0.7,80,0.5,70,232689.0,2261192.0,10.29,True,1584801.8702,84.23,-4.2,1653793.0999,-28.7,326375.0
501,70,1.0,80,0.5,70,232567.0,2261192.0,10.29,False,1576839.6138,83.8,-4.7,1653793.0999,-28.7,326375.0
502,70,0.7,90,0.3,70,232431.0,2261192.0,10.28,False,1585616.2978,84.27,-4.1,1653793.0999,-28.8,326375.0
503,70,0.7,85,0.3,70,232431.0,2261192.0,10.28,False,1585616.2978,84.27,-4.1,1653793.0999,-28.8,326375.0
504,70,0.8,90,0.3,70,231236.0,2261192.0,10.23,False,1578568.7961,83.9,-4.5,1653793.0999,-29.2,326375.0
505,70,0.8,80,0.3,70,231236.0,2261192.0,10.23,False,1578568.7961,83.9,-4.5,1653793.0999,-29.2,326375.0
506,70,0.8,85,0.3,70,231236.0,2261192.0,10.23,False,1578568.7961,83.9,-4.5,1653793.0999,-29.2,326375.0
507,70,1.0,75,0.3,70,230889.0,2261192.0,10.21,False,1573749.7977,83.64,-4.8,1653793.0999,-29.3,326375.0
508,70,1.0,90,0.3,70,230383.0,2261192.0,10.19,False,1569984.556,83.44,-5.1,1653793.0999,-29.4,326375.0
509,70,1.0,80,0.3,70,230383.0,2261192.0,10.19,False,1569984.556,83.44,-5.1,1653793.0999,-29.4,326375.0
510,70,1.0,85,0.3,70,230383.0,2261192.0,10.19,False,1569984.556,83.44,-5.1,1653793.0999,-29.4,326375.0
511,70,0.8,85,0.5,70,229652.0,2261192.0,10.16,False,1571494.1038,83.52,-5.0,1653793.0999,-29.6,326375.0
512,70,0.8,90,0.5,70,229652.0,2261192.0,10.16,False,1571494.1038,83.52,-5.0,1653793.0999,-29.6,326375.0
513,70,0.9,75,0.5,70,229030.0,2261192.0,10.13,False,1575543.253,83.74,-4.7,1653793.0999,-29.8,326375.0
514,75,0.9,75,0.5,75,228977.0,2261192.0,10.13,True,1596545.013,84.85,-3.5,1653793.0999,-29.8,326375.0
515,70,0.6,85,0.3,70,224429.0,2261192.0,9.93,False,1579529.5596,83.95,-4.5,1653793.0999,-31.2,326375.0
516,70,0.6,80,0.3,70,224429.0,2261192.0,9.93,False,1579529.5596,83.95,-4.5,1653793.0999,-31.2,326375.0
517,70,0.6,90,0.3,70,224429.0,2261192.0,9.93,False,1579529.5596,83.95,-4.5,1653793.0999,-31.2,326375.0
518,70,0.8,75,0.3,70,222568.0,2261192.0,9.84,True,1575273.3937,83.72,-4.7,1653793.0999,-31.8,326375.0
519,70,0.9,75,0.3,70,221384.0,2261192.0,9.79,True,1557955.4915,82.8,-5.8,1653793.0999,-32.2,326375.0
520,70,0.7,75,0.3,70,212563.0,2261192.0,9.4,True,1551309.3961,82.45,-6.2,1653793.0999,-34.9,326375.0
